buildingid,lat,lon,confidence,match_type
22629,40.84463,-73.943128,0.8,fallback
25565,40.809126,-73.95782,0.8,fallback
22651,40.845227,-73.942973,0.8,fallback
25567,40.809795,-73.957567,0.8,fallback
5510,40.805891,-73.962368,0.8,fallback
803999,40.806058,-73.961955,0.8,fallback
804000,40.806423,-73.961688,0.8,fallback
5513,40.806461,-73.960826,0.8,fallback
5517,40.808166,-73.959807,0.8,fallback
5520,40.808771,-73.959068,0.8,fallback
5522,40.80898,-73.959098,0.8,fallback
5524,40.809437,-73.958835,0.8,fallback
23404,40.813803,-73.960369,0.8,fallback
5526,40.810231,-73.958886,0.8,fallback
5528,40.810473,-73.958708,0.8,fallback
25570,40.810194,-73.957653,0.8,fallback
9597,40.813275,-73.96103,0.8,fallback
9598,40.809057,-73.964741,0.8,fallback
22637,40.846295,-73.942798,0.8,fallback
38678,40.804726,-73.950529,0.8,fallback
9605,40.814508,-73.960811,0.8,fallback
9615,40.815448,-73.960194,0.8,fallback
9617,40.809312,-73.964595,0.8,fallback
9618,40.809507,-73.964453,0.8,fallback
37812,40.803439,-73.966498,0.8,fallback
7920,40.803536,-73.966699,0.8,fallback
7938,40.805095,-73.965381,0.8,fallback
7941,40.805729,-73.965168,0.8,fallback
7942,40.806058,-73.965832,0.8,fallback
9619,40.809657,-73.964312,0.8,fallback
7949,40.806359,-73.964597,0.8,fallback
7950,40.806773,-73.9653,0.8,fallback
804141,40.807426,-73.963887,0.8,fallback
7954,40.80771,-73.964543,0.8,fallback
7963,40.811485,-73.960774,0.8,fallback
8009,40.818835,-73.956406,0.8,fallback
9620,40.809794,-73.964215,0.8,fallback
27264,40.803871,-73.968609,0.8,fallback
9621,40.809896,-73.964093,0.8,fallback
21810,40.848201,-73.939105,0.8,fallback
38274,40.805422,-73.960209,0.8,fallback
38275,40.805819,-73.960211,0.8,fallback
38396,40.806106,-73.960007,0.8,fallback
38602,40.807802,-73.958775,0.8,fallback
27275,40.806987,-73.966836,0.8,fallback
38279,40.805904,-73.960422,0.8,fallback
805873,40.806742,-73.959427,0.8,fallback
38732,40.808211,-73.958932,0.8,fallback
38899,40.808756,-73.958616,0.8,fallback
27277,40.807231,-73.966765,0.8,fallback
38281,40.805992,-73.960632,0.8,fallback
38603,40.807874,-73.958948,0.8,fallback
38604,40.807935,-73.959109,0.8,fallback
38282,40.806081,-73.960845,0.8,fallback
38605,40.807974,-73.959268,0.8,fallback
38398,40.806196,-73.960276,0.8,fallback
38606,40.80804,-73.959422,0.8,fallback
38734,40.808517,-73.958606,0.8,fallback
38735,40.808384,-73.959181,0.8,fallback
847266,40.810173,-73.958106,0.8,fallback
38400,40.806336,-73.960499,0.8,fallback
27282,40.808368,-73.966013,0.8,fallback
27284,40.808514,-73.965733,0.8,fallback
27287,40.809159,-73.965206,0.8,fallback
27288,40.809292,-73.9651,0.8,fallback
27290,40.809468,-73.964968,0.8,fallback
27291,40.809586,-73.964822,0.8,fallback
27292,40.809835,-73.964728,0.8,fallback
27293,40.809972,-73.964631,0.8,fallback
27294,40.810118,-73.964519,0.8,fallback
27295,40.810267,-73.964409,0.8,fallback
9622,40.810189,-73.963965,0.8,fallback
38067,40.804929,-73.963108,0.8,fallback
39208,40.810684,-73.958963,0.8,fallback
39060,40.810437,-73.959195,0.8,fallback
38068,40.805002,-73.963278,0.8,fallback
39211,40.810749,-73.959117,0.8,fallback
38069,40.805279,-73.962902,0.8,fallback
38177,40.805593,-73.962726,0.8,fallback
37979,40.804779,-73.963642,0.8,fallback
37980,40.804864,-73.963796,0.8,fallback
38071,40.805303,-73.963088,0.8,fallback
37981,40.804452,-73.964001,0.8,fallback
39213,40.810838,-73.959266,0.8,fallback
38178,40.805694,-73.962965,0.8,fallback
37891,40.803925,-73.964439,0.8,fallback
39063,40.810803,-73.960047,0.8,fallback
22643,40.843392,-73.943248,0.8,fallback
38179,40.805795,-73.963203,0.8,fallback
39216,40.811071,-73.959868,0.8,fallback
37893,40.80431,-73.964567,0.8,fallback
37983,40.804943,-73.964006,0.8,fallback
37984,40.804685,-73.964476,0.8,fallback
37985,40.805055,-73.964258,0.8,fallback
38074,40.805557,-73.963468,0.8,fallback
38180,40.805877,-73.963349,0.8,fallback
39218,40.811172,-73.960042,0.8,fallback
38075,40.805562,-73.963546,0.8,fallback
37986,40.804753,-73.964633,0.8,fallback
38076,40.80508,-73.963629,0.8,fallback
39219,40.811226,-73.960174,0.8,fallback
39065,40.810979,-73.960468,0.8,fallback
27301,40.814564,-73.961268,0.8,fallback
38182,40.805945,-73.963495,0.8,fallback
37896,40.804445,-73.964886,0.8,fallback
27302,40.814845,-73.961094,0.8,fallback
37987,40.804819,-73.964791,0.8,fallback
38079,40.805263,-73.963867,0.8,fallback
38183,40.805988,-73.963546,0.8,fallback
39220,40.811283,-73.960306,0.8,fallback
37988,40.805167,-73.964428,0.8,fallback
38080,40.805623,-73.96375,0.8,fallback
38081,40.80568,-73.963849,0.8,fallback
38185,40.806015,-73.9637,0.8,fallback
37899,40.804647,-73.965039,0.8,fallback
37990,40.805261,-73.964737,0.8,fallback
38082,40.805334,-73.964055,0.8,fallback
38186,40.806049,-73.96375,0.8,fallback
38187,40.806078,-73.963811,0.8,fallback
37991,40.805334,-73.965058,0.8,fallback
37992,40.804987,-73.965184,0.8,fallback
38083,40.805406,-73.964194,0.8,fallback
38188,40.80612,-73.963863,0.8,fallback
38084,40.805797,-73.964207,0.8,fallback
38085,40.805431,-73.964253,0.8,fallback
38189,40.806137,-73.96393,0.8,fallback
9064,40.803596,-73.965891,0.8,fallback
38086,40.805457,-73.964313,0.8,fallback
38190,40.806156,-73.963996,0.8,fallback
805854,40.806634,-73.964192,0.8,fallback
38087,40.805499,-73.964359,0.8,fallback
38191,40.806198,-73.964049,0.8,fallback
27304,40.815106,-73.960881,0.8,fallback
27305,40.815366,-73.960689,0.8,fallback
38088,40.805509,-73.964425,0.8,fallback
38192,40.806214,-73.964118,0.8,fallback
27306,40.815537,-73.960335,0.8,fallback
38089,40.805931,-73.964524,0.8,fallback
38091,40.805555,-73.964535,0.8,fallback
38194,40.806273,-73.964229,0.8,fallback
38092,40.805592,-73.96458,0.8,fallback
38195,40.806289,-73.964296,0.8,fallback
38093,40.805602,-73.964646,0.8,fallback
38094,40.805641,-73.964694,0.8,fallback
7940,40.805867,-73.966014,0.8,fallback
7946,40.806512,-73.965505,0.8,fallback
38410,40.808083,-73.964731,0.8,fallback
38197,40.806841,-73.96562,0.8,fallback
805850,40.806599,-73.965851,0.8,fallback
806041,40.807748,-73.965009,0.8,fallback
38199,40.806851,-73.965673,0.8,fallback
38099,40.80627,-73.966158,0.8,fallback
38200,40.806877,-73.96571,0.8,fallback
38286,40.807559,-73.965378,0.8,fallback
38100,40.806305,-73.966283,0.8,fallback
38201,40.806888,-73.965759,0.8,fallback
38411,40.808188,-73.964917,0.8,fallback
38203,40.806916,-73.965798,0.8,fallback
38102,40.806334,-73.966372,0.8,fallback
38204,40.806926,-73.965849,0.8,fallback
38205,40.806955,-73.965886,0.8,fallback
38290,40.808047,-73.965405,0.8,fallback
43107,40.841746,-73.940398,0.8,fallback
38208,40.807121,-73.966363,0.8,fallback
38292,40.808054,-73.965475,0.8,fallback
38293,40.808063,-73.96562,0.8,fallback
22646,40.843935,-73.943348,0.8,fallback
25573,40.807621,-73.958549,0.8,fallback
25574,40.808015,-73.958499,0.8,fallback
25575,40.808459,-73.958073,0.8,fallback
9859,40.800323,-73.961677,0.8,fallback
49532,40.858749,-73.883143,0.8,fallback
54940,40.858333,-73.882429,0.8,fallback
49535,40.858643,-73.882757,0.8,fallback
34449,40.770988,-73.986305,0.8,fallback
977759,40.695132,-73.986335,0.8,fallback
29242,40.728728,-73.99736,0.8,fallback
806163,40.726719,-73.998604,0.8,fallback
837406,40.733864,-73.989198,0.8,fallback
859194,40.730162,-74.000196,0.8,fallback
11224,40.731762,-73.995566,0.8,fallback
29181,40.729493,-73.995202,0.8,fallback
945881,40.73201,-73.989282,0.8,fallback
891228,40.738349,-73.997531,0.8,fallback
24483,40.730011,-73.999882,0.8,fallback
829405,40.733327,-73.988205,0.8,fallback
11225,40.731684,-73.995484,0.8,fallback
11226,40.731663,-73.995328,0.8,fallback
1009221,40.72679,-73.99795,0.8,fallback
806020,40.728309,-73.99649,0.8,fallback
804376,40.736664,-73.991547,0.8,fallback
966428,40.728089,-73.990646,0.8,fallback
12128,40.736338,-73.991781,0.8,fallback
29228,40.732045,-73.997796,0.8,fallback
11227,40.7316,-73.995172,0.8,fallback
859476,40.730046,-73.998787,0.8,fallback
25442,40.727549,-73.995375,0.8,fallback
805419,40.736288,-73.99121,0.8,fallback
29234,40.732379,-73.998297,0.8,fallback
7022,40.737101,-74.00727,0.8,fallback
29243,40.732011,-73.999005,0.8,fallback
806017,40.727902,-73.998057,0.8,fallback
2182,40.729728,-73.989299,0.8,fallback
917682,40.739209,-73.983194,0.8,fallback
29246,40.731578,-73.999544,0.8,fallback
12578,40.736502,-73.98016,0.8,fallback
12724,40.738408,-73.978623,0.8,fallback
12725,40.738323,-73.978478,0.8,fallback
12777,40.738906,-73.978005,0.8,fallback
2783,40.733465,-73.995078,0.8,fallback
29247,40.73158,-73.99957,0.8,fallback
11262,40.731187,-73.994441,0.8,fallback
29248,40.731326,-73.999655,0.8,fallback
840219,40.743468,-73.974213,0.8,fallback
11175,40.728083,-73.988862,0.8,fallback
844924,40.727483,-73.997207,0.8,fallback
864764,40.740816,-73.973544,0.8,fallback
28810,40.730964,-73.994824,0.8,fallback
611,40.742403,-73.974931,0.8,fallback
864767,40.742409,-73.973526,0.8,fallback
11284,40.731865,-73.9958,0.8,fallback
9364,40.734966,-74.00374,0.8,fallback
2338,40.73162,-73.987986,0.8,fallback
805427,40.73138,-73.996496,0.8,fallback
8543,40.732107,-73.99194,0.8,fallback
805426,40.729667,-73.99623,0.8,fallback
29191,40.729769,-73.99477,0.8,fallback
302463,40.694464,-73.964513,0.8,fallback
396242,40.692651,-73.963435,0.8,fallback
222786,40.691226,-73.967907,0.8,fallback
365633,40.690333,-73.964078,0.8,fallback
830751,40.718026,-73.814972,0.8,fallback
830754,40.718047,-73.814895,0.8,fallback
830778,40.718188,-73.814459,0.8,fallback
830783,40.718249,-73.814169,0.8,fallback
891295,40.719588,-73.803581,0.8,fallback
556,40.733646,-73.981406,0.8,fallback
2903,40.73526,-73.994488,0.8,fallback
1009222,40.811894,-73.925058,0.8,fallback
1009223,40.811755,-73.929321,0.8,fallback
1009224,40.802026,-73.9134,0.8,fallback
1009225,40.809769,-73.909658,0.8,fallback
1009226,40.83749,-73.91109,0.8,fallback
1009227,40.861832,-73.895102,0.8,fallback
1009228,40.862695,-73.895951,0.8,fallback
1009229,40.875957,-73.905486,0.8,fallback
1009230,40.83501,-73.851562,0.8,fallback
1009231,40.847895,-73.843914,0.8,fallback
1009232,40.847243,-73.843386,0.8,fallback
1009235,40.84717,-73.84288,0.8,fallback
1009236,40.873535,-73.842181,0.8,fallback
1009237,40.846922,-73.790591,0.8,fallback
1009238,40.845765,-73.783133,0.8,fallback
1009239,40.846255,-73.782569,0.8,fallback
1009240,40.879987,-73.90775,0.8,fallback
1009241,40.879955,-73.913833,0.8,fallback
1009242,40.879846,-73.914509,0.8,fallback
1009243,40.881457,-73.922273,0.8,fallback
1009244,40.883304,-73.906122,0.8,fallback
1009245,40.880872,-73.906873,0.8,fallback
1009246,40.884127,-73.903822,0.8,fallback
1009247,40.885883,-73.91246,0.8,fallback
1009248,40.88694,-73.90806,0.8,fallback
1009250,40.893384,-73.907268,0.8,fallback
1009251,40.894463,-73.90131,0.8,fallback
1009252,40.896057,-73.904972,0.8,fallback
1009253,40.895109,-73.905165,0.8,fallback
1009254,40.891,-73.90541,0.8,fallback
1009255,40.893944,-73.905863,0.8,fallback
1009256,40.89388,-73.90613,0.8,fallback
1009257,40.895646,-73.90741,0.8,fallback
1009258,40.90223,-73.897866,0.8,fallback
1009259,40.902165,-73.897867,0.8,fallback
1009260,40.904018,-73.898141,0.8,fallback
1009261,40.905845,-73.898209,0.8,fallback
1009262,40.905645,-73.902601,0.8,fallback
1009263,40.906836,-73.902723,0.8,fallback
1009278,40.891528,-73.916436,0.8,fallback
1009279,40.893988,-73.915568,0.8,fallback
1009280,40.88955,-73.917407,0.8,fallback
1009281,40.894722,-73.913214,0.8,fallback
1009282,40.901246,-73.912957,0.8,fallback
1009283,40.902354,-73.912311,0.8,fallback
1009284,40.897103,-73.909897,0.8,fallback
1009285,40.907686,-73.904245,0.8,fallback
1009286,40.695657,-73.983506,0.8,fallback
1009287,40.691793,-73.982967,0.8,fallback
1009288,40.699259,-73.995665,0.8,fallback
1009289,40.684612,-73.992177,0.8,fallback
1009290,40.662798,-73.990819,0.8,fallback
1009291,40.649124,-73.999877,0.8,fallback
1009292,40.679693,-73.981222,0.8,fallback
1009293,40.677095,-73.976255,0.8,fallback
1009294,40.673184,-73.98013,0.8,fallback
1009295,40.672106,-73.977899,0.8,fallback
1009296,40.671784,-73.995166,0.8,fallback
1009297,40.675664,-73.972614,0.8,fallback
1009298,40.675587,-73.972434,0.8,fallback
1009299,40.675161,-73.952451,0.8,fallback
1009300,40.668274,-73.94911,0.8,fallback
1009301,40.672404,-73.934882,0.8,fallback
1009302,40.670986,-73.931134,0.8,fallback
1009303,40.670885,-73.931189,0.8,fallback
1009304,40.6866,-73.93594,0.8,fallback
1009305,40.684046,-73.925475,0.8,fallback
1009306,40.69239,-73.965969,0.8,fallback
1009307,40.700736,-73.959577,0.8,fallback
1009308,40.723625,-73.95322,0.8,fallback
1009309,40.72353,-73.953166,0.8,fallback
1009310,40.723312,-73.953043,0.8,fallback
1009311,40.65055,-73.959595,0.8,fallback
1009312,40.644507,-73.969118,0.8,fallback
1009313,40.639927,-73.954743,0.8,fallback
1009314,40.63689,-73.954384,0.8,fallback
1009315,40.63856,-73.976739,0.8,fallback
1009316,40.623729,-73.996378,0.8,fallback
1009317,40.629122,-74.004707,0.8,fallback
1009318,40.621318,-74.025366,0.8,fallback
1009319,40.631856,-73.967206,0.8,fallback
1009320,40.605748,-73.950364,0.8,fallback
1009321,40.613422,-73.94702,0.8,fallback
1009322,40.704416,-74.010512,0.8,fallback
1009323,40.704209,-74.00824,0.8,fallback
1009325,40.72164,-73.872879,0.8,fallback
1009331,40.704257,-74.007001,0.8,fallback
1009349,40.716673,-73.872996,0.8,fallback
1009355,40.705261,-74.005467,0.8,fallback
1009356,40.706487,-74.007752,0.8,fallback
1009357,40.709561,-74.007067,0.8,fallback
1009358,40.712834,-74.009143,0.8,fallback
1009359,40.713794,-74.011127,0.8,fallback
1009360,40.714375,-74.010857,0.8,fallback
1009361,40.720006,-74.004575,0.8,fallback
1009363,40.71909,-74.002375,0.8,fallback
1009364,40.720455,-74.002444,0.8,fallback
1009365,40.734777,-73.998265,0.8,fallback
1009366,40.73982,-74.00568,0.8,fallback
1009368,40.733164,-74.006957,0.8,fallback
1009369,40.74962,-74.00807,0.8,fallback
1009370,40.747118,-74.006188,0.8,fallback
1009371,40.746952,-74.005709,0.8,fallback
1009372,40.751343,-74.002497,0.8,fallback
1009373,40.751723,-74.002534,0.8,fallback
1009374,40.668214,-73.988236,0.8,fallback
1009375,40.75523,-73.99958,0.8,fallback
1009376,40.7562,-73.99996,0.8,fallback
1009377,40.75648,-74.00021,0.8,fallback
1009378,40.748106,-74.001653,0.8,fallback
1009379,40.745807,-74.000336,0.8,fallback
1009380,40.749684,-73.99675,0.8,fallback
1009381,40.753671,-73.994301,0.8,fallback
1009382,40.741237,-74.000997,0.8,fallback
1009384,40.740669,-73.997458,0.8,fallback
1009385,40.750815,-73.989078,0.8,fallback
1009386,40.73749,-73.99639,0.8,fallback
1009387,40.73749,-73.99639,0.8,fallback
1009390,40.742382,-73.990877,1,exact
1009391,40.74676,-73.98738,0.8,fallback
1009392,40.748721,-73.986683,0.8,fallback
1009393,40.745678,-73.985146,0.8,fallback
1009394,40.745929,-73.983157,0.8,fallback
1009395,40.737136,-73.987945,0.8,fallback
1009396,40.737431,-73.987904,0.8,fallback
1009397,40.743825,-73.980948,0.8,fallback
1009398,40.74644,-73.972964,0.8,fallback
1009399,40.74644,-73.972964,0.8,fallback
1009400,40.747257,-73.973256,0.8,fallback
1009401,40.757244,-73.98285,0.8,fallback
1009402,40.742731,-73.989475,0.8,fallback
1009403,40.755838,-73.987577,0.8,fallback
1009404,40.760001,-73.985534,0.8,fallback
1009408,40.762888,-73.982533,0.8,fallback
1009409,40.766732,-73.981382,0.8,fallback
1009410,40.766936,-73.98226,0.8,fallback
1009411,40.766936,-73.98226,0.8,fallback
1009412,40.766678,-73.979788,0.8,fallback
1009413,40.75793,-73.9903,0.8,fallback
1009414,40.755473,-73.982395,0.8,fallback
1009415,40.764638,-73.984864,0.8,fallback
1009416,40.760988,-73.997777,0.8,fallback
1009417,40.76009,-73.99731,0.8,fallback
1009418,40.75382,-73.98373,0.8,fallback
1009419,40.760988,-73.997777,0.8,fallback
1009422,40.761649,-73.997332,0.8,fallback
1009423,40.768766,-73.990385,0.8,fallback
1009424,40.768968,-73.988979,0.8,fallback
1009425,40.76309,-73.998997,0.8,fallback
1009426,40.771127,-73.982835,0.8,fallback
1009427,40.771659,-73.981511,0.8,fallback
1009429,40.771541,-73.985875,0.8,fallback
1009430,40.777507,-73.979764,0.8,fallback
1009431,40.77212,-73.98912,0.8,fallback
1009432,40.758916,-73.886251,0.8,fallback
1009433,40.769303,-73.983959,0.8,fallback
1009434,40.77205,-73.988563,0.8,fallback
1009435,40.77205,-73.988563,0.8,fallback
1009436,40.77205,-73.988563,0.8,fallback
1009437,40.77205,-73.988563,0.8,fallback
1009438,40.77205,-73.988563,0.8,fallback
1009439,40.77205,-73.988563,0.8,fallback
1009440,40.77205,-73.988563,0.8,fallback
1009441,40.778002,-73.985385,0.8,fallback
1009442,40.778002,-73.985385,0.8,fallback
1009443,40.778002,-73.985385,0.8,fallback
1009444,40.778002,-73.985385,0.8,fallback
1009445,40.778002,-73.985385,0.8,fallback
1009446,40.77897,-73.98407,0.8,fallback
1009447,40.780302,-73.982968,0.8,fallback
1009448,40.775114,-73.990286,0.8,fallback
1009449,40.783068,-73.982534,0.8,fallback
1009450,40.785194,-73.971678,0.8,fallback
1009451,40.78255,-73.97538,0.8,fallback
1009452,40.787208,-73.974503,0.8,fallback
1009453,40.78633,-73.977157,0.8,fallback
1009454,40.790848,-73.975162,0.8,fallback
1009455,40.792576,-73.974221,0.8,fallback
1009456,40.793483,-73.971599,0.8,fallback
1009457,40.754284,-73.981294,0.8,fallback
1009458,40.757197,-73.978625,0.8,fallback
1009459,40.758739,-73.980586,0.8,fallback
1009460,40.759149,-73.979598,0.8,fallback
1009461,40.759149,-73.979598,0.8,fallback
1009462,40.758277,-73.978023,0.8,fallback
1009463,40.759149,-73.979598,0.8,fallback
1009464,40.759149,-73.979598,0.8,fallback
1009465,40.759149,-73.979598,0.8,fallback
1009466,40.759149,-73.979598,0.8,fallback
1009467,40.759149,-73.979598,0.8,fallback
1009468,40.759149,-73.979598,0.8,fallback
1009469,40.759149,-73.979598,0.8,fallback
1009470,40.759149,-73.979598,0.8,fallback
1009471,40.759149,-73.979598,0.8,fallback
1009472,40.759149,-73.979598,0.8,fallback
1009473,40.759149,-73.979598,0.8,fallback
1009474,40.759149,-73.979598,0.8,fallback
1009475,40.759149,-73.979598,0.8,fallback
1009476,40.759149,-73.979598,0.8,fallback
1009477,40.759149,-73.979598,0.8,fallback
1009478,40.759149,-73.979598,0.8,fallback
1009479,40.759149,-73.979598,0.8,fallback
1009480,40.759149,-73.979598,0.8,fallback
1009481,40.759149,-73.979598,0.8,fallback
1009482,40.759149,-73.979598,0.8,fallback
1009483,40.759149,-73.979598,0.8,fallback
1009484,40.759149,-73.979598,0.8,fallback
1009485,40.759149,-73.979598,0.8,fallback
1009486,40.759149,-73.979598,0.8,fallback
1009487,40.759149,-73.979598,0.8,fallback
1009488,40.759149,-73.979598,0.8,fallback
1009489,40.759149,-73.979598,0.8,fallback
1009490,40.759149,-73.979598,0.8,fallback
1009491,40.759149,-73.979598,0.8,fallback
1009492,40.759149,-73.979598,0.8,fallback
1009493,40.759149,-73.979598,0.8,fallback
1009494,40.759149,-73.979598,0.8,fallback
1009495,40.759149,-73.979598,0.8,fallback
1009496,40.759149,-73.979598,0.8,fallback
1009497,40.759149,-73.979598,0.8,fallback
1009498,40.759149,-73.979598,0.8,fallback
1009499,40.759149,-73.979598,0.8,fallback
1009500,40.759149,-73.979598,0.8,fallback
1009501,40.759149,-73.979598,0.8,fallback
1009502,40.759149,-73.979598,0.8,fallback
1009503,40.759149,-73.979598,0.8,fallback
1009504,40.759149,-73.979598,0.8,fallback
1009505,40.759149,-73.979598,0.8,fallback
1009506,40.759149,-73.979598,0.8,fallback
1009507,40.759149,-73.979598,0.8,fallback
1009508,40.759149,-73.979598,0.8,fallback
1009509,40.759149,-73.979598,0.8,fallback
1009510,40.759149,-73.979598,0.8,fallback
1009511,40.759149,-73.979598,0.8,fallback
1009512,40.759149,-73.979598,0.8,fallback
1009513,40.759149,-73.979598,0.8,fallback
1009514,40.759149,-73.979598,0.8,fallback
1009515,40.759149,-73.979598,0.8,fallback
1009516,40.759149,-73.979598,0.8,fallback
1009517,40.759149,-73.979598,0.8,fallback
1009518,40.759149,-73.979598,0.8,fallback
1009519,40.759149,-73.979598,0.8,fallback
1009520,40.759149,-73.979598,0.8,fallback
1009521,40.759149,-73.979598,0.8,fallback
1009522,40.759149,-73.979598,0.8,fallback
1009523,40.759149,-73.979598,0.8,fallback
1009524,40.759149,-73.979598,0.8,fallback
1009525,40.759149,-73.979598,0.8,fallback
1009526,40.759149,-73.979598,0.8,fallback
1009527,40.759149,-73.979598,0.8,fallback
1009528,40.759149,-73.979598,0.8,fallback
1009529,40.759149,-73.979598,0.8,fallback
1009530,40.759149,-73.979598,0.8,fallback
1009531,40.759149,-73.979598,0.8,fallback
1009532,40.759149,-73.979598,0.8,fallback
1009533,40.759149,-73.979598,0.8,fallback
1009534,40.759149,-73.979598,0.8,fallback
1009535,40.759149,-73.979598,0.8,fallback
1009536,40.759149,-73.979598,0.8,fallback
1009537,40.759149,-73.979598,0.8,fallback
1009538,40.759149,-73.979598,0.8,fallback
1009539,40.759149,-73.979598,0.8,fallback
1009540,40.759149,-73.979598,0.8,fallback
1009541,40.759149,-73.979598,0.8,fallback
1009542,40.759149,-73.979598,0.8,fallback
1009543,40.759149,-73.979598,0.8,fallback
1009544,40.759149,-73.979598,0.8,fallback
1009545,40.759149,-73.979598,0.8,fallback
1009546,40.759149,-73.979598,0.8,fallback
1009547,40.759149,-73.979598,0.8,fallback
1009548,40.759149,-73.979598,0.8,fallback
1009549,40.759149,-73.979598,0.8,fallback
1009550,40.759149,-73.979598,0.8,fallback
1009551,40.759149,-73.979598,0.8,fallback
1009552,40.759149,-73.979598,0.8,fallback
1009553,40.759149,-73.979598,0.8,fallback
1009554,40.759149,-73.979598,0.8,fallback
1009555,40.759149,-73.979598,0.8,fallback
1009556,40.759149,-73.979598,0.8,fallback
1009557,40.759149,-73.979598,0.8,fallback
1009558,40.759149,-73.979598,0.8,fallback
1009559,40.759149,-73.979598,0.8,fallback
1009560,40.759149,-73.979598,0.8,fallback
1009561,40.759149,-73.979598,0.8,fallback
1009562,40.759149,-73.979598,0.8,fallback
1009563,40.759149,-73.979598,0.8,fallback
1009564,40.759149,-73.979598,0.8,fallback
1009565,40.759149,-73.979598,0.8,fallback
1009566,40.759149,-73.979598,0.8,fallback
1009567,40.759149,-73.979598,0.8,fallback
1009568,40.759149,-73.979598,0.8,fallback
1009569,40.759149,-73.979598,0.8,fallback
1009570,40.759149,-73.979598,0.8,fallback
1009571,40.759149,-73.979598,0.8,fallback
1009572,40.759149,-73.979598,0.8,fallback
1009573,40.759119,-73.97755,0.8,fallback
1009575,40.753215,-73.973657,0.8,fallback
1009576,40.757091,-73.972454,0.8,fallback
1009577,40.758027,-73.969562,0.8,fallback
1009578,40.76096,-73.967426,0.8,fallback
1009579,40.760405,-73.965189,0.8,fallback
1009580,40.760945,-73.965725,0.8,fallback
1009581,40.753416,-73.967581,0.8,fallback
1009582,40.754873,-73.964178,0.8,fallback
1009583,40.772013,-73.959394,0.8,fallback
1009584,40.773299,-73.956608,0.8,fallback
1009585,40.766746,-73.951932,0.8,fallback
1009586,40.777787,-73.962,0.8,fallback
1009587,40.780384,-73.958428,0.8,fallback
1009588,40.782203,-73.958457,0.8,fallback
1009589,40.782978,-73.956618,0.8,fallback
1009591,40.782006,-73.954115,0.8,fallback
1009592,40.784745,-73.95079,0.8,fallback
1009593,40.775672,-73.955086,0.8,fallback
1009594,40.775706,-73.955167,0.8,fallback
1009595,40.774317,-73.948639,0.8,fallback
1009596,40.792371,-73.937639,0.8,fallback
1009597,40.76924,-73.94948,0.8,fallback
1009599,40.799234,-73.938691,0.8,fallback
1009600,40.799096,-73.953894,0.8,fallback
1009601,40.801789,-73.95461,0.8,fallback
1009602,40.793559,-73.965645,0.8,fallback
1009603,40.792913,-73.964664,0.8,fallback
1009604,40.79796,-73.960464,0.8,fallback
1009605,40.79796,-73.960464,0.8,fallback
1009606,40.79796,-73.960464,0.8,fallback
1009607,40.79796,-73.960464,0.8,fallback
1009608,40.79796,-73.960464,0.8,fallback
1009609,40.79796,-73.960464,0.8,fallback
1009610,40.79796,-73.960464,0.8,fallback
1009611,40.79796,-73.960464,0.8,fallback
1009612,40.79796,-73.960464,0.8,fallback
1009613,40.79796,-73.960464,0.8,fallback
1009614,40.79796,-73.960464,0.8,fallback
1009615,40.79796,-73.960464,0.8,fallback
1009616,40.79796,-73.960464,0.8,fallback
1009617,40.79796,-73.960464,0.8,fallback
1009618,40.79796,-73.960464,0.8,fallback
1009619,40.79796,-73.960464,0.8,fallback
1009620,40.79796,-73.960464,0.8,fallback
1009621,40.79796,-73.960464,0.8,fallback
1009622,40.79796,-73.960464,0.8,fallback
1009623,40.79796,-73.960464,0.8,fallback
1009624,40.79796,-73.960464,0.8,fallback
1009625,40.79796,-73.960464,0.8,fallback
1009626,40.79796,-73.960464,0.8,fallback
1009627,40.79796,-73.960464,0.8,fallback
1009628,40.79796,-73.960464,0.8,fallback
1009629,40.79796,-73.960464,0.8,fallback
1009630,40.79796,-73.960464,0.8,fallback
1009631,40.79796,-73.960464,0.8,fallback
1009632,40.79796,-73.960464,0.8,fallback
1009633,40.79796,-73.960464,0.8,fallback
1009634,40.79796,-73.960464,0.8,fallback
1009635,40.79796,-73.960464,0.8,fallback
1009636,40.79796,-73.960464,0.8,fallback
1009637,40.79796,-73.960464,0.8,fallback
1009638,40.79796,-73.960464,0.8,fallback
1009639,40.79796,-73.960464,0.8,fallback
1009640,40.79796,-73.960464,0.8,fallback
1009641,40.79796,-73.960464,0.8,fallback
1009642,40.79796,-73.960464,0.8,fallback
1009643,40.79796,-73.960464,0.8,fallback
1009644,40.79796,-73.960464,0.8,fallback
1009645,40.79796,-73.960464,0.8,fallback
1009646,40.79796,-73.960464,0.8,fallback
1009647,40.79796,-73.960464,0.8,fallback
1009648,40.79796,-73.960464,0.8,fallback
1009649,40.79796,-73.960464,0.8,fallback
1009650,40.79796,-73.960464,0.8,fallback
1009651,40.79796,-73.960464,0.8,fallback
1009652,40.79796,-73.960464,0.8,fallback
1009653,40.79796,-73.960464,0.8,fallback
1009654,40.79796,-73.960464,0.8,fallback
1009655,40.79796,-73.960464,0.8,fallback
1009656,40.79796,-73.960464,0.8,fallback
1009657,40.79796,-73.960464,0.8,fallback
1009658,40.79796,-73.960464,0.8,fallback
1009659,40.79796,-73.960464,0.8,fallback
1009660,40.79796,-73.960464,0.8,fallback
1009661,40.79796,-73.960464,0.8,fallback
1009662,40.79796,-73.960464,0.8,fallback
1009663,40.79796,-73.960464,0.8,fallback
1009664,40.799743,-73.96037,0.8,fallback
1009665,40.802692,-73.962411,0.8,fallback
1009666,40.772859,-73.984775,0.8,fallback
1009667,40.804389,-73.96185,0.8,fallback
1009668,40.802692,-73.962411,0.8,fallback
1009669,40.802403,-73.961761,0.8,fallback
1009670,40.772859,-73.984775,0.8,fallback
1009671,40.8062,-73.9611,0.8,fallback
1009672,40.8062,-73.9611,0.8,fallback
1009673,40.80621,-73.961094,0.8,fallback
1009674,40.805904,-73.959786,0.8,fallback
1009675,40.806278,-73.960372,0.8,fallback
1009676,40.795188,-73.972126,0.8,fallback
1009677,40.795188,-73.972126,0.8,fallback
1009678,40.795188,-73.972126,0.8,fallback
1009679,40.797095,-73.970572,0.8,fallback
1009680,40.796808,-73.969713,0.8,fallback
1009681,40.799306,-73.969905,0.8,fallback
1009682,40.799391,-73.968808,0.8,fallback
1009683,40.799123,-73.967956,0.8,fallback
1009684,40.799292,-73.967569,0.8,fallback
1009685,40.799311,-73.967626,0.8,fallback
1009686,40.799404,-73.967679,0.8,fallback
1009687,40.799703,-73.96861,0.8,fallback
1009688,40.799123,-73.967956,0.8,fallback
1009689,40.803713,-73.966475,0.8,fallback
1009690,40.803713,-73.966475,0.8,fallback
1009691,40.803658,-73.966102,0.8,fallback
1009692,40.8031,-73.9648,0.8,fallback
1009693,40.8031,-73.9648,0.8,fallback
1009694,40.8031,-73.9648,0.8,fallback
1009695,40.8031,-73.9648,0.8,fallback
1009696,40.8031,-73.9648,0.8,fallback
1009697,40.8031,-73.9648,0.8,fallback
1009698,40.8031,-73.9648,0.8,fallback
1009699,40.8031,-73.9648,0.8,fallback
1009700,40.8031,-73.9648,0.8,fallback
1009701,40.8031,-73.9648,0.8,fallback
1009702,40.804208,-73.966059,0.8,fallback
1009703,40.803962,-73.965688,0.8,fallback
1009704,40.8043,-73.96539,0.8,fallback
1009705,40.804547,-73.96597,0.8,fallback
1009706,40.804887,-73.964998,0.8,fallback
1009707,40.80456,-73.964241,0.8,fallback
1009708,40.80456,-73.964241,0.8,fallback
1009709,40.80456,-73.964241,0.8,fallback
1009710,40.805497,-73.965247,0.8,fallback
1009711,40.800643,-73.951885,0.8,fallback
1009714,40.806158,-73.96469,0.8,fallback
1009716,40.806158,-73.96469,0.8,fallback
1009717,40.805484,-73.963413,0.8,fallback
1009718,40.805923,-73.963418,0.8,fallback
1009721,40.798953,-73.971633,0.8,fallback
1009722,40.799241,-73.971248,0.8,fallback
1009723,40.801803,-73.970141,0.8,fallback
1009724,40.802056,-73.970003,0.8,fallback
1009726,40.802657,-73.969436,0.8,fallback
1009727,40.802988,-73.969278,0.8,fallback
1009728,40.804213,-73.968239,0.8,fallback
1009729,40.804277,-73.967509,0.8,fallback
1009730,40.805215,-73.966663,0.8,fallback
1009732,40.806239,-73.967165,0.8,fallback
1009733,40.806045,-73.966604,0.8,fallback
1009734,40.806413,-73.966677,0.8,fallback
1009735,40.80683,-73.966613,0.8,fallback
1009736,40.806775,-73.966485,0.8,fallback
1009738,40.807588,-73.966363,0.8,fallback
1009739,40.807439,-73.965844,0.8,fallback
1009741,40.807624,-73.965539,0.8,fallback
1009743,40.807439,-73.965844,0.8,fallback
1009744,40.807815,-73.966228,0.8,fallback
1009745,40.808122,-73.965839,0.8,fallback
1009747,40.807439,-73.965844,0.8,fallback
1009748,40.809708,-73.948933,1,exact
1009749,40.813656,-73.946183,0.8,fallback
1009750,40.816982,-73.944175,0.8,fallback
1009751,40.80874,-73.95522,0.8,fallback
1009752,40.809837,-73.953705,0.8,fallback
1009753,40.81006,-73.95377,0.8,fallback
1009756,40.807596,-73.960205,0.8,fallback
1009757,40.807485,-73.959701,0.8,fallback
1009760,40.807189,-73.959019,0.8,fallback
1009762,40.809155,-73.958163,0.8,fallback
1009763,40.80935,-73.957863,0.8,fallback
1009764,40.809566,-73.958297,0.8,fallback
1009765,40.809706,-73.958537,0.8,fallback
1009766,40.808533,-73.960389,0.8,fallback
1009767,40.809759,-73.959272,0.8,fallback
1009768,40.810928,-73.958504,0.8,fallback
1009769,40.815154,-73.957385,0.8,fallback
1009770,40.81573,-73.955938,0.8,fallback
1009771,40.817521,-73.956347,0.8,fallback
1009772,40.817477,-73.956134,0.8,fallback
1009773,40.817389,-73.955923,0.8,fallback
1009774,40.81778,-73.956267,0.8,fallback
1009775,40.818317,-73.955822,0.8,fallback
1009776,40.818963,-73.955416,0.8,fallback
1009777,40.818907,-73.955091,0.8,fallback
1009778,40.81861,-73.954985,0.8,fallback
1009779,40.809154,-73.963943,0.8,fallback
1009780,40.810455,-73.962588,0.8,fallback
1009781,40.810341,-73.963796,0.8,fallback
1009782,40.810826,-73.963727,0.8,fallback
1009783,40.81103,-73.962127,0.8,fallback
1009784,40.812395,-73.961479,0.8,fallback
1009785,40.813891,-73.960662,0.8,fallback
1009786,40.813047,-73.961038,0.8,fallback
1009787,40.780529,-73.985308,0.8,fallback
1009788,40.813788,-73.961538,0.8,fallback
1009789,40.813788,-73.961538,0.8,fallback
1009791,40.81581,-73.95884,0.8,fallback
1009792,40.81634,-73.95849,0.8,fallback
1009793,40.81634,-73.95849,0.8,fallback
1009794,40.81581,-73.95884,0.8,fallback
1009795,40.816521,-73.959556,0.8,fallback
1009796,40.780529,-73.985308,0.8,fallback
1009797,40.816904,-73.960322,0.8,fallback
1009798,40.81751,-73.95946,0.8,fallback
1009799,40.81751,-73.95946,0.8,fallback
1009800,40.808684,-73.946831,0.8,fallback
1009801,40.810957,-73.944666,0.8,fallback
1009802,40.810957,-73.944666,0.8,fallback
1009803,40.817002,-73.958488,0.8,fallback
1009804,40.810957,-73.944666,0.8,fallback
1009805,40.817002,-73.958488,0.8,fallback
1009806,40.817002,-73.958488,0.8,fallback
1009807,40.817002,-73.958488,0.8,fallback
1009808,40.81751,-73.95946,0.8,fallback
1009809,40.81751,-73.95946,0.8,fallback
1009810,40.81751,-73.95946,0.8,fallback
1009811,40.81786,-73.95861,0.8,fallback
1009812,40.811297,-73.944503,0.8,fallback
1009813,40.811297,-73.944503,0.8,fallback
1009814,40.81786,-73.95861,0.8,fallback
1009815,40.811297,-73.944503,0.8,fallback
1009816,40.811297,-73.944503,0.8,fallback
1009817,40.811297,-73.944503,0.8,fallback
1009819,40.81786,-73.95861,0.8,fallback
1009820,40.81786,-73.95861,0.8,fallback
1009821,40.81786,-73.95861,0.8,fallback
1009822,40.81786,-73.95861,0.8,fallback
1009823,40.812266,-73.9439,0.8,fallback
1009824,40.81786,-73.95861,0.8,fallback
1009825,40.812266,-73.9439,0.8,fallback
1009826,40.812266,-73.9439,0.8,fallback
1009827,40.812266,-73.9439,0.8,fallback
1009828,40.812266,-73.9439,0.8,fallback
1009829,40.812266,-73.9439,0.8,fallback
1009830,40.812266,-73.9439,0.8,fallback
1009831,40.706392,-74.01553,0.8,fallback
1009832,40.706392,-74.01553,0.8,fallback
1009833,40.812266,-73.9439,0.8,fallback
1009835,40.811297,-73.944503,0.8,fallback
1009837,40.706392,-74.01553,0.8,fallback
1009838,40.706392,-74.01553,0.8,fallback
1009839,40.818719,-73.959085,0.8,fallback
1009840,40.818586,-73.958769,0.8,fallback
1009841,40.818438,-73.958415,0.8,fallback
1009842,40.818418,-73.95822,0.8,fallback
1009843,40.818357,-73.95785,0.8,fallback
1009844,40.8181,-73.95725,0.8,fallback
1009845,40.8181,-73.95725,0.8,fallback
1009846,40.8181,-73.95725,0.8,fallback
1009847,40.8181,-73.95725,0.8,fallback
1009848,40.81871,-73.958063,0.8,fallback
1009849,40.818943,-73.958873,0.8,fallback
1009850,40.81906,-73.959147,0.8,fallback
1009852,40.81845,-73.956796,0.8,fallback
1009853,40.818504,-73.95673,0.8,fallback
1009854,40.818564,-73.95667,0.8,fallback
1009855,40.818625,-73.956625,0.8,fallback
1009856,40.818669,-73.956549,0.8,fallback
1009857,40.8126,-73.943673,0.8,fallback
1009858,40.767491,-73.995869,0.8,fallback
1009859,40.706392,-74.01553,0.8,fallback
1009860,40.812266,-73.9439,0.8,fallback
1009861,40.81895,-73.96025,0.8,fallback
1009862,40.706392,-74.01553,0.8,fallback
1009863,40.706392,-74.01553,0.8,fallback
1009864,40.706392,-74.01553,0.8,fallback
1009865,40.819702,-73.959476,0.8,fallback
1009866,40.8126,-73.943673,0.8,fallback
1009867,40.818555,-73.960433,0.8,fallback
1009868,40.818555,-73.960433,0.8,fallback
1009869,40.818555,-73.960433,0.8,fallback
1009870,40.818555,-73.960433,0.8,fallback
1009871,40.818555,-73.960433,0.8,fallback
1009872,40.818555,-73.960433,0.8,fallback
1009873,40.823387,-73.946326,0.8,fallback
1009874,40.823719,-73.949015,0.8,fallback
1009875,40.824656,-73.950686,0.8,fallback
1009876,40.828148,-73.949889,0.8,fallback
1009877,40.828033,-73.949714,0.8,fallback
1009878,40.828309,-73.949508,0.8,fallback
1009879,40.828407,-73.94967,0.8,fallback
1009880,40.828309,-73.949508,0.8,fallback
1009881,40.828309,-73.949508,0.8,fallback
1009882,40.828309,-73.949508,0.8,fallback
1009883,40.828309,-73.949508,0.8,fallback
1009884,40.828309,-73.949508,0.8,fallback
1009885,40.831666,-73.947773,0.8,fallback
1009886,40.772859,-73.984775,0.8,fallback
1009905,40.835914,-73.94036,0.8,fallback
1009906,40.83793,-73.93722,0.8,fallback
1009907,40.83904,-73.93792,0.8,fallback
1009908,40.840114,-73.938307,0.8,fallback
1009909,40.840114,-73.938307,0.8,fallback
1009910,40.840114,-73.938307,0.8,fallback
1009911,40.840066,-73.937937,0.8,fallback
1009912,40.839195,-73.939578,0.8,fallback
1009913,40.839739,-73.939341,0.8,fallback
1009915,40.84039,-73.93906,0.8,fallback
1009918,40.84039,-73.93906,0.8,fallback
1009919,40.840482,-73.939212,0.8,fallback
1009920,40.820771,-73.945985,0.8,fallback
1009921,40.839249,-73.940623,0.8,fallback
1009922,40.839715,-73.944135,0.8,fallback
1009923,40.846354,-73.940706,0.8,fallback
1009924,40.840464,-73.94072,0.8,fallback
1009925,40.840914,-73.941717,0.8,fallback
1009927,40.84127,-73.94346,0.8,fallback
1009929,40.842415,-73.943575,0.8,fallback
1009930,40.842985,-73.943358,0.8,fallback
1009931,40.842758,-73.942613,0.8,fallback
1009932,40.842415,-73.943575,0.8,fallback
1009933,40.84211,-73.94283,0.8,fallback
1009934,40.84426,-73.942319,0.8,fallback
1009935,40.844753,-73.942655,0.8,fallback
1009936,40.844753,-73.942655,0.8,fallback
1009937,40.843594,-73.938665,0.8,fallback
1009938,40.8506,-73.93597,0.8,fallback
1009939,40.857653,-73.932484,0.8,fallback
1009940,40.87122,-73.91343,0.8,fallback
1009941,40.871056,-73.913077,0.8,fallback
1009942,40.8724,-73.91204,0.8,fallback
1009943,40.872539,-73.9117,0.8,fallback
1009944,40.740002,-74.00652,0.8,fallback
1009945,40.872017,-73.912487,0.8,fallback
1009946,40.87212,-73.91166,0.8,fallback
1009947,40.87311,-73.91549,0.8,fallback
1009948,40.873314,-73.912991,0.8,fallback
1009949,40.867399,-73.92905,0.8,fallback
1009950,40.751563,-73.930976,0.8,fallback
1009951,40.73964,-73.932219,0.8,fallback
1009952,40.740259,-73.932096,0.8,fallback
1009953,40.740562,-73.933895,0.8,fallback
1009955,40.761536,-73.941946,0.8,fallback
1009956,40.75635,-73.94094,0.8,fallback
1009958,40.746246,-73.901653,0.8,fallback
1009959,40.746351,-73.901608,0.8,fallback
1009960,40.746454,-73.90156,0.8,fallback
1009961,40.732373,-73.888574,0.8,fallback
1009962,40.71533,-73.853428,0.8,fallback
1009963,40.712346,-73.850029,0.8,fallback
1009964,40.699359,-73.909477,0.8,fallback
1009965,40.766564,-73.835782,0.8,fallback
1009966,40.766207,-73.835663,0.8,fallback
1009967,40.765795,-73.835439,0.8,fallback
1009968,40.765583,-73.835231,0.8,fallback
1009970,40.76652,-73.835054,0.8,fallback
1009971,40.764036,-73.831903,0.8,fallback
1009972,40.777748,-73.78377,1,exact
1009973,40.775305,-73.774369,0.8,fallback
1009974,40.751972,-73.770967,0.8,fallback
1009975,40.731314,-73.749821,0.8,fallback
1009976,40.772293,-73.749873,0.8,fallback
1009977,40.769224,-73.747321,0.8,fallback
1009978,40.763907,-73.742801,0.8,fallback
1009979,40.690755,-73.997105,0.8,fallback
1009980,40.705047,-73.794248,0.8,fallback
1009981,40.721732,-73.771631,0.8,fallback
1009982,40.670075,-73.838319,0.8,fallback
1009984,40.574167,-73.861991,0.8,fallback
1009985,40.856969,-73.888493,0.8,fallback
1009986,40.857034,-73.888387,0.8,fallback
1009987,40.857058,-73.888295,0.8,fallback
1009988,40.856291,-73.887298,0.8,fallback
1009989,40.861987,-73.896823,0.8,fallback
1009990,40.865321,-73.884425,0.8,fallback
1009991,40.861273,-73.887405,0.8,fallback
1009992,40.859039,-73.881698,0.8,fallback
1009993,40.86136,-73.89024,0.8,fallback
1009994,40.85804,-73.88195,0.8,fallback
1009995,40.8582,-73.88196,0.8,fallback
1009996,40.858198,-73.882529,0.8,fallback
1009997,40.85828,-73.882473,0.8,fallback
1009998,40.858391,-73.882374,0.8,fallback
1009999,40.858442,-73.882351,0.8,fallback
1010000,40.858395,-73.882915,0.8,fallback
1010001,40.858697,-73.883171,0.8,fallback
1010002,40.858966,-73.883485,0.8,fallback
1010003,40.85895,-73.883529,0.8,fallback
1010004,40.858871,-73.883563,0.8,fallback
1010005,40.858817,-73.88364,0.8,fallback
1010006,40.858748,-73.883652,0.8,fallback
1010007,40.858421,-73.883696,0.8,fallback
1010008,40.858492,-73.884314,0.8,fallback
1010009,40.858868,-73.8854,0.8,fallback
1010012,40.859124,-73.885885,0.8,fallback
1010013,40.859293,-73.886181,0.8,fallback
1010014,40.859767,-73.886471,0.8,fallback
1010015,40.85971,-73.88621,0.8,fallback
1010016,40.859519,-73.885964,0.8,fallback
1010017,40.85944,-73.885772,0.8,fallback
1010018,40.859321,-73.885703,0.8,fallback
1010019,40.859041,-73.883864,0.8,fallback
1010020,40.85932,-73.88456,0.8,fallback
1010024,40.858912,-73.883552,0.8,fallback
1010025,40.858845,-73.883609,0.8,fallback
1010026,40.86712,-73.885318,0.8,fallback
1010027,40.869151,-73.885775,0.8,fallback
1010028,40.841186,-73.815966,0.8,fallback
1010029,40.745706,-74.001017,0.8,fallback
1010030,40.74917,-73.977137,0.8,fallback
1010031,40.770568,-73.98329,0.8,fallback
1010032,40.781165,-73.976445,0.8,fallback
1010033,40.769303,-73.983959,0.8,fallback
1010034,40.771124,-73.986696,0.8,fallback
1010035,40.770419,-73.986827,0.8,fallback
1010036,40.771964,-73.986093,0.8,fallback
1010041,40.773845,-73.962805,0.8,fallback
1010042,40.772257,-73.94791,0.8,fallback
1010043,40.790431,-73.943564,0.8,fallback
1010044,40.804859,-73.953713,0.8,fallback
1010045,40.852294,-73.922785,0.8,fallback
1010046,40.894969,-73.882621,1,exact
1010047,40.8582,-73.90985,0.8,fallback
1010048,40.85841,-73.90972,0.8,fallback
1010049,40.85854,-73.90961,0.8,fallback
1010050,40.85868,-73.90948,0.8,fallback
1010052,40.856075,-73.913747,0.8,fallback
1010053,40.856056,-73.913602,0.8,fallback
1010054,40.8557,-73.91609,0.8,fallback
1010055,40.8557,-73.91609,0.8,fallback
1010056,40.832656,-73.860246,1,exact
1010057,40.859618,-73.911666,0.8,fallback
1010058,40.860119,-73.910659,0.8,fallback
1010061,40.85916,-73.909763,0.8,fallback
1010063,40.86,-73.908878,0.8,fallback
1010072,40.85916,-73.909763,0.8,fallback
1010073,40.860402,-73.910142,0.8,fallback
1010075,40.860543,-73.910454,0.8,fallback
1010078,40.856026,-73.915465,0.8,fallback
1010079,40.855848,-73.914488,0.8,fallback
1010080,40.856322,-73.915324,0.8,fallback
1010081,40.856261,-73.914936,0.8,fallback
1010082,40.856237,-73.914768,0.8,fallback
1010083,40.856135,-73.914182,0.8,fallback
1010084,40.85592,-73.914916,0.8,fallback
1010085,40.855934,-73.914999,0.8,fallback
1010086,40.855974,-73.915202,0.8,fallback
1010087,40.855995,-73.915342,0.8,fallback
1010090,40.860319,-73.913355,0.8,fallback
1010091,40.860283,-73.913399,0.8,fallback
1010096,40.86266,-73.910926,0.8,fallback
1010097,40.861662,-73.85417,0.8,fallback
1010098,40.885814,-73.920088,0.8,fallback
1010099,40.885584,-73.919434,0.8,fallback
1010100,40.81769,-73.93131,0.8,fallback
1010101,40.885437,-73.919193,0.8,fallback
1010102,40.891911,-73.902459,0.8,fallback
1010103,40.895818,-73.910551,0.8,fallback
1010104,40.701995,-73.987052,0.8,fallback
1010105,40.702169,-73.984014,0.8,fallback
1010106,40.693153,-73.987731,0.8,fallback
1010107,40.694234,-73.98665,0.8,fallback
1010108,40.69467,-73.98668,0.8,fallback
1010109,40.69467,-73.98668,0.8,fallback
1010110,40.694234,-73.98665,0.8,fallback
1010111,40.694234,-73.98665,0.8,fallback
1010112,40.692721,-73.986943,0.8,fallback
1010113,40.693227,-73.98672,0.8,fallback
1010114,40.692535,-73.986553,0.8,fallback
1010115,40.690248,-73.983168,0.8,fallback
1010116,40.690248,-73.983168,0.8,fallback
1010117,40.69107,-73.982873,0.8,fallback
1010118,40.69107,-73.982873,0.8,fallback
1010119,40.69107,-73.982873,0.8,fallback
1010120,40.699234,-73.994556,0.8,fallback
1010121,40.696509,-73.994607,0.8,fallback
1010122,40.694678,-73.992034,0.8,fallback
1010123,40.694678,-73.992034,0.8,fallback
1010124,40.691552,-73.995121,0.8,fallback
1010125,40.689517,-73.993612,0.8,fallback
1010126,40.68589,-73.995171,0.8,fallback
1010127,40.68604,-73.998267,0.8,fallback
1010128,40.685358,-73.99647,0.8,fallback
1010129,40.684186,-73.995924,0.8,fallback
1010130,40.682758,-73.996154,0.8,fallback
1010131,40.681176,-74.001714,0.8,fallback
1010132,40.685962,-73.992172,0.8,fallback
1010133,40.675596,-73.998657,0.8,fallback
1010134,40.657685,-74.005843,0.8,fallback
1010135,40.657685,-74.005843,0.8,fallback
1010136,40.657685,-74.005843,0.8,fallback
1010137,40.657685,-74.005843,0.8,fallback
1010138,40.657685,-74.005843,0.8,fallback
1010139,40.64756,-74.02147,0.8,fallback
1010140,40.64756,-74.02147,0.8,fallback
1010141,40.64756,-74.02147,0.8,fallback
1010142,40.64756,-74.02147,0.8,fallback
1010143,40.64756,-74.02147,0.8,fallback
1010144,40.64756,-74.02147,0.8,fallback
1010145,40.64756,-74.02147,0.8,fallback
1010146,40.64756,-74.02147,0.8,fallback
1010147,40.64597,-74.02153,0.8,fallback
1010148,40.654413,-73.980072,0.8,fallback
1010149,40.677388,-73.974984,0.8,fallback
1010150,40.677388,-73.974984,0.8,fallback
1010151,40.678399,-73.980886,0.8,fallback
1010152,40.674145,-73.980414,0.8,fallback
1010153,40.667632,-73.985213,0.8,fallback
1010154,40.664063,-73.984845,0.8,fallback
1010155,40.671174,-73.972448,0.8,fallback
1010156,40.668187,-73.975023,0.8,fallback
1010157,40.665665,-73.982014,0.8,fallback
1010158,40.661637,-73.980724,0.8,fallback
1010159,40.681564,-73.97191,0.8,fallback
1010160,40.681564,-73.97191,0.8,fallback
1010161,40.676617,-73.967455,0.8,fallback
1010162,40.675121,-73.960417,0.8,fallback
1010163,40.671397,-73.949598,0.8,fallback
1010164,40.69405,-73.969782,0.8,fallback
1010165,40.680433,-73.953642,0.8,fallback
1010166,40.694331,-73.984869,0.8,fallback
1010167,40.693258,-73.984752,0.8,fallback
1010168,40.69285,-73.983844,0.8,fallback
1010169,40.68831,-73.978739,0.8,fallback
1010170,40.68552,-73.977711,0.8,fallback
1010171,40.686403,-73.973247,0.8,fallback
1010172,40.72121,-73.96239,0.8,fallback
1010173,40.72121,-73.96239,0.8,fallback
1010174,40.719721,-73.9642,1,exact
1010175,40.71123,-73.958001,0.8,fallback
1010176,40.680977,-73.89251,0.8,fallback
1010177,40.661154,-73.95422,0.8,fallback
1010178,40.63601,-74.023366,0.8,fallback
1010179,40.620795,-74.027676,0.8,fallback
1010180,40.627849,-73.970036,0.8,fallback
1010181,40.578392,-73.947108,0.8,fallback
1010182,40.70624,-74.017099,0.8,fallback
1010183,40.706998,-74.017,0.8,fallback
1010184,40.707925,-74.017222,0.8,fallback
1010185,40.70899,-74.012484,0.8,fallback
1010186,40.709276,-74.012335,0.8,fallback
1010188,40.709327,-74.012634,0.8,fallback
1010189,40.711397,-74.005903,0.8,fallback
1010190,40.714289,-74.007011,0.8,fallback
1010191,40.71623,-74.01164,0.8,fallback
1010192,40.716572,-74.012595,0.8,fallback
1010193,40.716572,-74.012595,0.8,fallback
1010194,40.717257,-74.002096,0.8,fallback
1010195,40.717372,-74.005628,0.8,fallback
1010196,40.718302,-74.004944,0.8,fallback
1010197,40.720011,-74.007141,0.8,fallback
1010198,40.718154,-73.998689,0.8,fallback
1010199,40.720687,-74.002242,0.8,fallback
1010200,40.713867,-73.989517,0.8,fallback
1010201,40.722405,-73.985836,0.8,fallback
1010202,40.72815,-73.980466,0.8,fallback
1010203,40.725283,-73.991633,0.8,fallback
1010204,40.725283,-73.991633,0.8,fallback
1010205,40.727312,-73.991108,0.8,fallback
1010206,40.728166,-73.989047,0.8,fallback
1010207,40.727841,-73.988642,0.8,fallback
1010208,40.729744,-73.988154,0.8,fallback
1010209,40.729744,-73.988154,0.8,fallback
1010210,40.729744,-73.988154,0.8,fallback
1010219,40.721046,-73.997274,0.8,fallback
1010220,40.724475,-73.995413,0.8,fallback
1010221,40.724475,-73.995413,0.8,fallback
1010222,40.72627,-73.996675,0.8,fallback
1010223,40.727185,-73.998987,0.8,fallback
1010224,40.72761,-73.998782,0.8,fallback
1010225,40.72679,-73.99795,0.8,fallback
1010226,40.72679,-73.99795,0.8,fallback
1010229,40.72799,-73.999402,0.8,fallback
1010230,40.727928,-73.999297,0.8,fallback
1010231,40.727495,-73.992838,0.8,fallback
1010232,40.728,-73.993752,0.8,fallback
1010236,40.727351,-73.995758,0.8,fallback
1010237,40.728498,-73.998017,0.8,fallback
1010238,40.728498,-73.998017,0.8,fallback
1010239,40.728728,-73.99736,0.8,fallback
1010240,40.729115,-73.99657,0.8,fallback
1010241,40.729437,-73.997217,0.8,fallback
1010242,40.720569,-74.002325,0.8,fallback
1010243,40.72859,-73.99549,0.8,fallback
1010244,40.728689,-73.99567,0.8,fallback
1010254,40.720569,-74.002325,0.8,fallback
1010255,40.729306,-73.998338,0.8,fallback
1010257,40.728597,-73.99882,0.8,fallback
1010259,40.729854,-73.998195,0.8,fallback
1010260,40.7298,-73.997904,0.8,fallback
1010261,40.729854,-73.998195,0.8,fallback
1010262,40.729779,-73.999393,0.8,fallback
1010263,40.729811,-73.999213,0.8,fallback
1010270,40.729831,-73.999761,0.8,fallback
1010271,40.730555,-73.999633,0.8,fallback
1010272,40.730418,-73.998796,0.8,fallback
1010273,40.73022,-73.998448,0.8,fallback
1010278,40.730046,-73.998787,0.8,fallback
1010279,40.730451,-73.998873,0.8,fallback
1010280,40.730046,-73.998787,0.8,fallback
1010281,40.730046,-73.998787,0.8,fallback
1010282,40.730555,-73.999633,0.8,fallback
1010283,40.73089,-74.00003,0.8,fallback
1010284,40.727906,-73.991788,0.8,fallback
1010285,40.728642,-73.993601,0.8,fallback
1010286,40.72914,-73.992838,0.8,fallback
1010287,40.729789,-73.992743,0.8,fallback
1010288,40.728212,-73.993228,0.8,fallback
1010290,40.729896,-73.996026,0.8,fallback
1010291,40.729689,-73.995665,0.8,fallback
1010292,40.729475,-73.995882,0.8,fallback
1010293,40.729364,-73.994971,0.8,fallback
1010294,40.729177,-73.99501,0.8,fallback
1010295,40.729201,-73.995361,0.8,fallback
1010296,40.729312,-73.995543,0.8,fallback
1010297,40.729169,-73.994443,0.8,fallback
1010298,40.729009,-73.994159,0.8,fallback
1010299,40.728972,-73.994458,0.8,fallback
1010301,40.728793,-73.994445,0.8,fallback
1010302,40.730355,-73.995592,0.8,fallback
1010303,40.730306,-73.995198,0.8,fallback
1010304,40.730075,-73.995377,0.8,fallback
1010307,40.729916,-73.994392,0.8,fallback
1010310,40.729873,-73.994314,0.8,fallback
1010311,40.729665,-73.994494,0.8,fallback
1010312,40.729924,-73.995038,0.8,fallback
1010313,40.729523,-73.994235,0.8,fallback
1010314,40.729623,-73.99384,0.8,fallback
1010315,40.731298,-73.994733,0.8,fallback
1010316,40.730603,-73.994799,0.8,fallback
1010317,40.730437,-73.994342,0.8,fallback
1010318,40.731148,-73.995634,0.8,fallback
1010319,40.731006,-73.995516,0.8,fallback
1010320,40.730991,-73.995641,0.8,fallback
1010321,40.719913,-74.006096,0.8,fallback
1010322,40.731113,-73.99578,0.8,fallback
1010323,40.731163,-73.995858,0.8,fallback
1010324,40.731193,-73.995949,0.8,fallback
1010325,40.731621,-73.995838,0.8,fallback
1010326,40.731654,-73.995918,0.8,fallback
1010327,40.731687,-73.995996,0.8,fallback
1010328,40.73191,-73.996187,0.8,fallback
1010329,40.731889,-73.995969,0.8,fallback
1010330,40.731786,-73.995724,0.8,fallback
1010331,40.731992,-73.997122,0.8,fallback
1010332,40.731981,-73.997517,0.8,fallback
1010334,40.731578,-73.999544,0.8,fallback
1010335,40.730604,-73.99152,0.8,fallback
1010336,40.730604,-73.99152,0.8,fallback
1010337,40.730604,-73.99152,0.8,fallback
1010338,40.646094,-73.968465,0.8,fallback
1010339,40.733864,-73.989198,0.8,fallback
1010340,40.733327,-73.988205,0.8,fallback
1010341,40.733327,-73.988205,0.8,fallback
1010342,40.733327,-73.988205,0.8,fallback
1010343,40.733327,-73.988205,0.8,fallback
1010344,40.733327,-73.988205,0.8,fallback
1010345,40.732355,-73.995895,0.8,fallback
1010346,40.733301,-73.994619,0.8,fallback
1010347,40.733698,-73.993364,0.8,fallback
1010348,40.734488,-73.99344,0.8,fallback
1010349,40.734557,-73.99365,0.8,fallback
1010350,40.734322,-73.998013,0.8,fallback
1010351,40.734174,-73.997678,0.8,fallback
1010352,40.734475,-73.996513,0.8,fallback
1010353,40.733968,-73.996216,0.8,fallback
1010354,40.73503,-73.994796,0.8,fallback
1010355,40.735085,-73.995065,0.8,fallback
1010356,40.735818,-73.996782,0.8,fallback
1010357,40.736657,-73.996172,0.8,fallback
1010358,40.731641,-74.004275,0.8,fallback
1010359,40.725536,-74.008598,0.8,fallback
1010360,40.730155,-74.01013,0.8,fallback
1010361,40.730818,-74.010078,0.8,fallback
1010362,40.730818,-74.010078,0.8,fallback
1010363,40.731327,-74.008226,0.8,fallback
1010364,40.732228,-74.009175,0.8,fallback
1010365,40.73487,-74.002509,0.8,fallback
1010366,40.736188,-74.002565,0.8,fallback
1010367,40.737512,-74.002385,0.8,fallback
1010368,40.739195,-74.002408,0.8,fallback
1010369,40.734967,-74.003813,0.8,fallback
1010370,40.734908,-74.004236,0.8,fallback
1010371,40.734873,-74.00445,0.8,fallback
1010372,40.733151,-74.003881,0.8,fallback
1010373,40.738879,-74.006005,0.8,fallback
1010374,40.734716,-74.007585,0.8,fallback
1010375,40.734483,-74.009363,0.8,fallback
1010376,40.734483,-74.009363,0.8,fallback
1010377,40.738462,-74.008662,0.8,fallback
1010378,40.738462,-74.008662,0.8,fallback
1010379,40.738462,-74.008662,0.8,fallback
1010380,40.738462,-74.008662,0.8,fallback
1010381,40.755935,-73.996982,0.8,fallback
1010382,40.738025,-73.997792,0.8,fallback
1010383,40.738025,-73.997792,0.8,fallback
1010384,40.740669,-73.997458,0.8,fallback
1010385,40.746972,-73.993231,0.8,fallback
1010386,40.75598,-73.97599,0.8,fallback
1010387,40.747647,-73.983458,0.8,fallback
1010388,40.736477,-73.988006,0.8,fallback
1010389,40.736477,-73.988006,0.8,fallback
1010390,40.736477,-73.988006,0.8,fallback
1010391,40.736477,-73.988006,0.8,fallback
1010392,40.739548,-73.983505,0.8,fallback
1010393,40.739298,-73.983526,0.8,fallback
1010394,40.739209,-73.983194,0.8,fallback
1010395,40.739209,-73.983194,0.8,fallback
1010396,40.739209,-73.983194,0.8,fallback
1010397,40.739209,-73.983194,0.8,fallback
1010398,40.739209,-73.983194,0.8,fallback
1010399,40.739209,-73.983194,0.8,fallback
1010400,40.739526,-73.983025,0.8,fallback
1010401,40.739209,-73.983194,0.8,fallback
1010402,40.739209,-73.983194,0.8,fallback
1010403,40.739209,-73.983194,0.8,fallback
1010404,40.740857,-73.983146,0.8,fallback
1010405,40.744524,-73.982512,0.8,fallback
1010406,40.744524,-73.982512,0.8,fallback
1010407,40.744547,-73.980283,0.8,fallback
1010408,40.745885,-73.981507,0.8,fallback
1010409,40.745082,-73.979975,0.8,fallback
1010410,40.745885,-73.981507,0.8,fallback
1010411,40.745885,-73.981507,0.8,fallback
1010412,40.745885,-73.981507,0.8,fallback
1010413,40.745885,-73.981507,0.8,fallback
1010414,40.745885,-73.981507,0.8,fallback
1010415,40.745885,-73.981507,0.8,fallback
1010416,40.745885,-73.981507,0.8,fallback
1010417,40.745885,-73.981507,0.8,fallback
1010418,40.745885,-73.981507,0.8,fallback
1010419,40.745885,-73.981507,0.8,fallback
1010420,40.745885,-73.981507,0.8,fallback
1010421,40.745885,-73.981507,0.8,fallback
1010422,40.745885,-73.981507,0.8,fallback
1010423,40.745885,-73.981507,0.8,fallback
1010424,40.745885,-73.981507,0.8,fallback
1010425,40.745885,-73.981507,0.8,fallback
1010426,40.745885,-73.981507,0.8,fallback
1010427,40.745885,-73.981507,0.8,fallback
1010428,40.745885,-73.981507,0.8,fallback
1010429,40.745885,-73.981507,0.8,fallback
1010430,40.733389,-73.986702,0.8,fallback
1010431,40.733389,-73.986702,0.8,fallback
1010432,40.733389,-73.986702,0.8,fallback
1010433,40.734567,-73.983648,0.8,fallback
1010434,40.736263,-73.983876,0.8,fallback
1010435,40.736263,-73.983876,0.8,fallback
1010436,40.736263,-73.983876,0.8,fallback
1010437,40.736263,-73.983876,0.8,fallback
1010438,40.736263,-73.983876,0.8,fallback
1010439,40.736263,-73.983876,0.8,fallback
1010440,40.736263,-73.983876,0.8,fallback
1010441,40.736263,-73.983876,0.8,fallback
1010442,40.736263,-73.983876,0.8,fallback
1010443,40.736263,-73.983876,0.8,fallback
1010444,40.736263,-73.983876,0.8,fallback
1010445,40.738841,-73.982436,0.8,fallback
1010446,40.738745,-73.982252,0.8,fallback
1010447,40.743122,-73.978498,0.8,fallback
1010448,40.743122,-73.978498,0.8,fallback
1010449,40.743122,-73.978498,0.8,fallback
1010450,40.743122,-73.978498,0.8,fallback
1010451,40.747272,-73.97492,0.8,fallback
1010452,40.747272,-73.97492,0.8,fallback
1010453,40.747272,-73.97492,0.8,fallback
1010454,40.747272,-73.97492,0.8,fallback
1010455,40.747272,-73.97492,0.8,fallback
1010456,40.747272,-73.97492,0.8,fallback
1010457,40.747272,-73.97492,0.8,fallback
1010458,40.747272,-73.97492,0.8,fallback
1010459,40.747272,-73.97492,0.8,fallback
1010460,40.747272,-73.97492,0.8,fallback
1010461,40.747272,-73.97492,0.8,fallback
1010462,40.747272,-73.97492,0.8,fallback
1010463,40.747272,-73.97492,0.8,fallback
1010464,40.747272,-73.97492,0.8,fallback
1010465,40.747272,-73.97492,0.8,fallback
1010466,40.747272,-73.97492,0.8,fallback
1010467,40.747272,-73.97492,0.8,fallback
1010468,40.734418,-73.982993,0.8,fallback
1010469,40.737969,-73.97834,0.8,fallback
1010470,40.738105,-73.978072,0.8,fallback
1010471,40.738693,-73.977691,0.8,fallback
1010472,40.738693,-73.977691,0.8,fallback
1010473,40.738693,-73.977691,0.8,fallback
1010474,40.740454,-73.976771,0.8,fallback
1010475,40.745965,-73.971468,0.8,fallback
1010476,40.743238,-73.975774,0.8,fallback
1010477,40.744308,-73.975523,0.8,fallback
1010478,40.743624,-73.97405,0.8,fallback
1010479,40.743676,-73.974011,0.8,fallback
1010480,40.743742,-73.973852,0.8,fallback
1010481,40.74388,-73.974356,0.8,fallback
1010487,40.743966,-73.975482,0.8,fallback
1010488,40.72352,-73.98964,0.8,fallback
1010489,40.72352,-73.98964,0.8,fallback
1010490,40.72352,-73.98964,0.8,fallback
1010491,40.72352,-73.98964,0.8,fallback
1010492,40.744338,-73.974192,0.8,fallback
1010493,40.744957,-73.974732,0.8,fallback
1010495,40.74644,-73.972964,0.8,fallback
1010496,40.746909,-73.972547,0.8,fallback
1010497,40.737013,-73.978078,0.8,fallback
1010498,40.74127,-73.97477,0.8,fallback
1010499,40.741501,-73.973471,0.8,fallback
1010500,40.74118,-73.973157,0.8,fallback
1010502,40.737952,-73.975468,0.8,fallback
1010503,40.7422,-73.974247,0.8,fallback
1010504,40.741501,-73.973471,0.8,fallback
1010505,40.741501,-73.973471,0.8,fallback
1010506,40.741501,-73.973471,0.8,fallback
1010507,40.741501,-73.973471,0.8,fallback
1010508,40.741501,-73.973471,0.8,fallback
1010509,40.741501,-73.973471,0.8,fallback
1010510,40.741501,-73.973471,0.8,fallback
1010511,40.741501,-73.973471,0.8,fallback
1010512,40.741501,-73.973471,0.8,fallback
1010513,40.741501,-73.973471,0.8,fallback
1010514,40.741501,-73.973471,0.8,fallback
1010515,40.741501,-73.973471,0.8,fallback
1010516,40.741501,-73.973471,0.8,fallback
1010517,40.741501,-73.973471,0.8,fallback
1010518,40.741501,-73.973471,0.8,fallback
1010519,40.741501,-73.973471,0.8,fallback
1010520,40.741501,-73.973471,0.8,fallback
1010521,40.741501,-73.973471,0.8,fallback
1010522,40.741501,-73.973471,0.8,fallback
1010523,40.741501,-73.973471,0.8,fallback
1010524,40.741501,-73.973471,0.8,fallback
1010525,40.741501,-73.973471,0.8,fallback
1010526,40.741501,-73.973471,0.8,fallback
1010527,40.741501,-73.973471,0.8,fallback
1010528,40.741501,-73.973471,0.8,fallback
1010529,40.741501,-73.973471,0.8,fallback
1010530,40.741501,-73.973471,0.8,fallback
1010531,40.741501,-73.973471,0.8,fallback
1010532,40.741501,-73.973471,0.8,fallback
1010533,40.741501,-73.973471,0.8,fallback
1010534,40.741501,-73.973471,0.8,fallback
1010535,40.741501,-73.973471,0.8,fallback
1010536,40.741501,-73.973471,0.8,fallback
1010537,40.741501,-73.973471,0.8,fallback
1010538,40.741501,-73.973471,0.8,fallback
1010539,40.741501,-73.973471,0.8,fallback
1010540,40.741501,-73.973471,0.8,fallback
1010541,40.741501,-73.973471,0.8,fallback
1010542,40.741501,-73.973471,0.8,fallback
1010543,40.741501,-73.973471,0.8,fallback
1010544,40.741501,-73.973471,0.8,fallback
1010545,40.741501,-73.973471,0.8,fallback
1010546,40.741501,-73.973471,0.8,fallback
1010547,40.741501,-73.973471,0.8,fallback
1010548,40.741501,-73.973471,0.8,fallback
1010549,40.741501,-73.973471,0.8,fallback
1010550,40.741501,-73.973471,0.8,fallback
1010551,40.741501,-73.973471,0.8,fallback
1010552,40.741501,-73.973471,0.8,fallback
1010553,40.741501,-73.973471,0.8,fallback
1010554,40.741501,-73.973471,0.8,fallback
1010555,40.741501,-73.973471,0.8,fallback
1010556,40.741501,-73.973471,0.8,fallback
1010557,40.741501,-73.973471,0.8,fallback
1010558,40.741501,-73.973471,0.8,fallback
1010559,40.741501,-73.973471,0.8,fallback
1010560,40.741501,-73.973471,0.8,fallback
1010561,40.741501,-73.973471,0.8,fallback
1010562,40.741501,-73.973471,0.8,fallback
1010563,40.741501,-73.973471,0.8,fallback
1010564,40.741501,-73.973471,0.8,fallback
1010565,40.741501,-73.973471,0.8,fallback
1010566,40.741501,-73.973471,0.8,fallback
1010567,40.741501,-73.973471,0.8,fallback
1010568,40.741501,-73.973471,0.8,fallback
1010569,40.741501,-73.973471,0.8,fallback
1010570,40.741501,-73.973471,0.8,fallback
1010571,40.741501,-73.973471,0.8,fallback
1010572,40.741501,-73.973471,0.8,fallback
1010573,40.741501,-73.973471,0.8,fallback
1010574,40.741501,-73.973471,0.8,fallback
1010575,40.741501,-73.973471,0.8,fallback
1010576,40.741501,-73.973471,0.8,fallback
1010577,40.741501,-73.973471,0.8,fallback
1010578,40.741501,-73.973471,0.8,fallback
1010579,40.741501,-73.973471,0.8,fallback
1010580,40.741501,-73.973471,0.8,fallback
1010581,40.741501,-73.973471,0.8,fallback
1010582,40.741501,-73.973471,0.8,fallback
1010583,40.741501,-73.973471,0.8,fallback
1010584,40.741501,-73.973471,0.8,fallback
1010585,40.741501,-73.973471,0.8,fallback
1010586,40.741501,-73.973471,0.8,fallback
1010587,40.741501,-73.973471,0.8,fallback
1010588,40.741501,-73.973471,0.8,fallback
1010589,40.741501,-73.973471,0.8,fallback
1010590,40.741501,-73.973471,0.8,fallback
1010591,40.741501,-73.973471,0.8,fallback
1010592,40.741501,-73.973471,0.8,fallback
1010593,40.741501,-73.973471,0.8,fallback
1010594,40.741501,-73.973471,0.8,fallback
1010595,40.741501,-73.973471,0.8,fallback
1010596,40.741501,-73.973471,0.8,fallback
1010597,40.741501,-73.973471,0.8,fallback
1010598,40.741501,-73.973471,0.8,fallback
1010599,40.741501,-73.973471,0.8,fallback
1010600,40.741501,-73.973471,0.8,fallback
1010601,40.741501,-73.973471,0.8,fallback
1010602,40.741501,-73.973471,0.8,fallback
1010603,40.741501,-73.973471,0.8,fallback
1010604,40.741501,-73.973471,0.8,fallback
1010605,40.741501,-73.973471,0.8,fallback
1010606,40.741501,-73.973471,0.8,fallback
1010607,40.741501,-73.973471,0.8,fallback
1010608,40.741501,-73.973471,0.8,fallback
1010609,40.741501,-73.973471,0.8,fallback
1010610,40.741501,-73.973471,0.8,fallback
1010611,40.741501,-73.973471,0.8,fallback
1010612,40.741501,-73.973471,0.8,fallback
1010613,40.741501,-73.973471,0.8,fallback
1010614,40.74384,-73.97253,0.8,fallback
1010615,40.745965,-73.971468,0.8,fallback
1010616,40.745736,-73.97109,0.8,fallback
1010617,40.756087,-73.984389,0.8,fallback
1010618,40.758673,-73.982357,0.8,fallback
1010619,40.767332,-73.984923,0.8,fallback
1010620,40.770237,-73.980862,0.8,fallback
1010621,40.774831,-73.981407,0.8,fallback
1010622,40.774831,-73.981407,0.8,fallback
1010623,40.774831,-73.981407,0.8,fallback
1010624,40.77473,-73.99076,0.8,fallback
1010625,40.788147,-73.971307,0.8,fallback
1010626,40.791836,-73.974367,0.8,fallback
1010627,40.7949,-73.975935,0.8,fallback
1010628,40.754347,-73.981815,0.8,fallback
1010629,40.761281,-73.972703,0.8,fallback
1010630,40.761281,-73.972703,0.8,fallback
1010631,40.761281,-73.972703,0.8,fallback
1010632,40.761281,-73.972703,0.8,fallback
1010633,40.761281,-73.972703,0.8,fallback
1010634,40.761281,-73.972703,0.8,fallback
1010635,40.761281,-73.972703,0.8,fallback
1010636,40.761281,-73.972703,0.8,fallback
1010637,40.761281,-73.972703,0.8,fallback
1010638,40.758415,-73.969944,0.8,fallback
1010639,40.758415,-73.969944,0.8,fallback
1010640,40.758415,-73.969944,0.8,fallback
1010641,40.758415,-73.969944,0.8,fallback
1010642,40.758415,-73.969944,0.8,fallback
1010643,40.758415,-73.969944,0.8,fallback
1010644,40.758415,-73.969944,0.8,fallback
1010645,40.749318,-73.974078,0.8,fallback
1010646,40.749318,-73.974078,0.8,fallback
1010647,40.749318,-73.974078,0.8,fallback
1010648,40.749318,-73.974078,0.8,fallback
1010649,40.749318,-73.974078,0.8,fallback
1010650,40.749318,-73.974078,0.8,fallback
1010651,40.749318,-73.974078,0.8,fallback
1010652,40.749318,-73.974078,0.8,fallback
1010653,40.749318,-73.974078,0.8,fallback
1010654,40.749318,-73.974078,0.8,fallback
1010655,40.749318,-73.974078,0.8,fallback
1010656,40.749318,-73.974078,0.8,fallback
1010657,40.749318,-73.974078,0.8,fallback
1010658,40.749318,-73.974078,0.8,fallback
1010659,40.749318,-73.974078,0.8,fallback
1010660,40.749318,-73.974078,0.8,fallback
1010661,40.749318,-73.974078,0.8,fallback
1010662,40.749318,-73.974078,0.8,fallback
1010663,40.749318,-73.974078,0.8,fallback
1010664,40.749318,-73.974078,0.8,fallback
1010665,40.749318,-73.974078,0.8,fallback
1010666,40.749318,-73.974078,0.8,fallback
1010667,40.749318,-73.974078,0.8,fallback
1010668,40.749318,-73.974078,0.8,fallback
1010669,40.749318,-73.974078,0.8,fallback
